rank,layer_a,layer_b,gap,mean_kl,max_kl,median_kl,p95_kl
1,4,5,1,0.034553,0.201884,0.016587,0.148671
2,14,15,1,0.036762,0.161895,0.027258,0.105749
3,16,17,1,0.038569,0.204907,0.028620,0.130057
4,15,16,1,0.038684,0.175762,0.025849,0.101866
5,12,14,2,0.039380,0.245491,0.025896,0.104006
6,13,16,3,0.039709,0.189853,0.029412,0.140473
7,13,15,2,0.040498,0.153912,0.027245,0.144067
8,14,17,3,0.044536,0.344068,0.022499,0.123340
9,20,21,1,0.044946,0.190353,0.020743,0.159104
10,15,17,2,0.045469,0.346566,0.026489,0.106794
11,21,22,1,0.045595,0.208533,0.023957,0.183421
12,14,16,2,0.046123,0.379122,0.023706,0.136554
13,10,12,2,0.046494,0.196772,0.031933,0.190350
14,13,17,4,0.046819,0.307394,0.027941,0.150514
15,10,11,1,0.048794,0.261882,0.026743,0.259573
16,11,14,3,0.049386,0.196219,0.030511,0.111449
17,17,18,1,0.051471,0.325386,0.025229,0.184968
18,11,12,1,0.052062,0.248470,0.043743,0.199293
19,13,14,1,0.052098,0.269789,0.023346,0.203777
20,12,13,1,0.052233,0.277855,0.031127,0.166758
21,14,18,4,0.053608,0.345485,0.030639,0.164855
22,6,8,2,0.054272,0.271459,0.018669,0.220946
23,15,18,3,0.054402,0.354412,0.031417,0.148067
24,12,15,3,0.054971,0.284371,0.038605,0.237581
25,10,13,3,0.056869,0.339352,0.028969,0.248061
26,19,21,2,0.057594,0.351414,0.031868,0.212105
27,16,19,3,0.057786,0.404848,0.027544,0.188219
28,11,15,4,0.058206,0.223017,0.042892,0.137634
29,6,7,1,0.059217,0.439584,0.016337,0.379734
30,9,10,1,0.059241,0.284519,0.025383,0.231853
31,11,13,2,0.059950,0.404674,0.027801,0.257378
32,17,19,2,0.060451,0.315345,0.029504,0.254386
33,12,17,5,0.062474,0.289953,0.038771,0.241666
34,10,14,4,0.062685,0.342999,0.046545,0.247236
35,16,18,2,0.063421,0.508852,0.028786,0.331189
36,12,16,4,0.063458,0.413127,0.032170,0.183128
37,18,19,1,0.063889,0.422644,0.024241,0.214064
38,13,18,5,0.065162,0.545611,0.036637,0.261835
39,15,19,4,0.065589,0.372478,0.038359,0.225553
40,19,20,1,0.066667,0.407363,0.025343,0.262566
41,11,16,5,0.067346,0.304402,0.048906,0.163803
42,14,19,5,0.069095,0.314385,0.052373,0.191000
43,7,10,3,0.069378,0.418403,0.030757,0.265792
44,10,15,5,0.070913,0.248574,0.050753,0.243656
45,11,17,6,0.073093,0.265924,0.053627,0.200179
46,8,11,3,0.073808,0.373940,0.037376,0.235188
47,10,18,8,0.074022,0.409403,0.042929,0.322569
48,13,19,6,0.074661,0.505470,0.037559,0.281653
49,7,8,1,0.077458,0.794462,0.024115,0.267161
50,9,12,3,0.077557,0.465386,0.032943,0.249545
51,8,10,2,0.078119,0.707433,0.023394,0.239464
52,9,11,2,0.078549,0.318067,0.045001,0.316684
53,10,16,6,0.079495,0.399156,0.048032,0.292486
54,10,17,7,0.079628,0.432726,0.042779,0.281216
55,20,22,2,0.080644,0.413885,0.034421,0.317121
56,9,13,4,0.084441,0.520234,0.035026,0.398179
57,8,12,4,0.084820,0.423963,0.048222,0.276625
58,9,14,5,0.085453,0.384839,0.040931,0.351332
59,11,18,7,0.085926,0.481719,0.053474,0.246556
60,7,11,4,0.086422,0.462244,0.045178,0.401159
61,17,20,3,0.087716,0.552954,0.037402,0.434626
62,6,10,4,0.088056,0.609121,0.032991,0.346945
63,8,13,5,0.088907,0.478768,0.041603,0.345180
64,12,19,7,0.089307,0.324856,0.060881,0.314977
65,7,9,2,0.089470,0.870189,0.027569,0.511503
66,1,2,1,0.089560,0.992145,0.047837,0.216234
67,18,20,2,0.090600,0.656807,0.037404,0.348077
68,8,14,6,0.090913,0.385407,0.056307,0.296302
69,12,18,6,0.092748,0.505678,0.051251,0.298123
70,9,15,6,0.093006,0.446512,0.052977,0.275923
71,8,9,1,0.094529,0.629942,0.027254,0.446525
72,5,6,1,0.096147,1.127033,0.017802,0.369634
73,4,6,2,0.097980,1.104510,0.029164,0.310604
74,16,20,4,0.100172,0.698376,0.035654,0.517553
75,9,17,8,0.101447,0.431288,0.055573,0.298218
76,8,15,7,0.102179,0.409289,0.062583,0.276052
77,10,19,9,0.104337,0.600827,0.058106,0.415490
78,9,16,7,0.104524,0.450909,0.053395,0.404076
79,8,18,10,0.105914,0.351663,0.076502,0.330411
80,8,17,9,0.106072,0.345120,0.081176,0.320955
81,11,19,8,0.107199,0.626609,0.073208,0.404773
82,7,13,6,0.107281,0.549361,0.061323,0.331875
83,8,16,8,0.108695,0.387494,0.073537,0.379592
84,14,20,6,0.112326,0.567752,0.063809,0.469462
85,13,20,7,0.114116,0.683465,0.076965,0.266660
86,18,21,3,0.114915,0.812874,0.049621,0.438112
87,6,11,5,0.121549,1.229253,0.059712,0.413392
88,15,20,5,0.121939,0.706179,0.061605,0.665930
89,6,9,3,0.123960,1.800955,0.044156,0.238686
90,10,20,10,0.124823,0.517260,0.096194,0.268095
91,5,14,9,0.125513,0.483304,0.074351,0.463888
92,17,21,4,0.126797,0.812680,0.058734,0.620377
93,9,19,10,0.131154,0.621137,0.082473,0.384790
94,6,12,6,0.131621,1.017477,0.058008,0.760587
95,19,22,3,0.132495,0.576257,0.056665,0.502647
96,22,23,1,0.132514,0.570633,0.082059,0.513047
97,7,12,5,0.136577,0.981982,0.054443,0.912650
98,7,14,7,0.141602,0.627760,0.078910,0.514199
99,6,14,8,0.144562,0.606629,0.074169,0.535818
100,5,12,7,0.145172,1.373260,0.085332,0.499624
101,9,18,9,0.146279,0.717902,0.064964,0.672548
102,5,9,4,0.148898,0.769581,0.056562,0.580346
103,11,20,9,0.149069,0.539144,0.121193,0.276899
104,8,19,11,0.150389,0.695670,0.099080,0.554314
105,12,20,8,0.151485,0.636060,0.109271,0.428541
106,7,15,8,0.152864,0.443626,0.097922,0.400825
107,16,21,5,0.156409,1.003512,0.064441,0.785103
108,5,10,5,0.158083,1.093466,0.070572,0.702562
109,4,12,8,0.162179,1.450983,0.087259,0.888080
110,9,20,11,0.163163,0.739777,0.132079,0.374234
111,7,17,10,0.166073,1.058551,0.098823,0.641882
112,7,19,12,0.174444,0.976331,0.095130,0.708550
113,7,18,11,0.174561,0.886916,0.096426,0.663859
114,5,8,3,0.177980,1.933666,0.032325,0.619369
115,7,16,9,0.181542,1.343706,0.085978,0.665446
116,2,4,2,0.185652,1.024150,0.070535,0.609224
117,15,21,6,0.185798,1.162972,0.096584,0.686912
118,4,10,6,0.185816,1.652463,0.062428,0.890786
119,4,11,7,0.191173,1.443697,0.098069,0.473938
120,4,9,5,0.209030,1.976757,0.062441,0.726343
121,21,23,2,0.210597,1.087929,0.144525,0.688786
122,5,7,2,0.212830,3.250765,0.021783,0.461674
123,6,15,9,0.216020,2.847035,0.078294,0.705696
124,18,22,4,0.217742,1.240525,0.086046,0.874424
125,8,20,12,0.231263,0.841674,0.177100,0.814575
126,14,21,7,0.234208,1.065945,0.154083,0.713847
127,5,11,6,0.242894,2.241512,0.107687,1.139936
128,17,22,5,0.244492,1.390000,0.128421,0.810724
129,5,15,10,0.247514,2.006174,0.076405,1.176595
130,13,21,8,0.257368,0.987487,0.202386,0.767298
131,6,13,7,0.268507,2.845336,0.058181,1.226811
132,4,8,4,0.269331,3.561434,0.030379,0.874046
133,6,18,12,0.275252,2.625933,0.086045,0.812390
134,20,23,3,0.277540,1.146525,0.188974,0.886785
135,3,5,2,0.293601,0.887680,0.353898,0.532584
136,6,16,10,0.309317,2.681763,0.080374,1.454344
137,1,4,3,0.311967,2.150109,0.125665,1.578042
138,5,18,13,0.317641,1.952090,0.119640,1.904046
139,4,14,10,0.323827,1.867491,0.112037,1.415195
140,3,11,8,0.326602,1.085866,0.157678,0.959806
141,16,22,6,0.326645,1.712026,0.164797,1.202794
142,4,7,3,0.328620,4.217162,0.030331,1.061950
143,12,21,9,0.344047,1.522033,0.252408,0.853509
144,4,15,11,0.370891,2.493760,0.146588,1.685842
145,3,12,9,0.374154,2.000310,0.237157,1.221715
146,6,19,13,0.379020,3.189260,0.146509,1.905940
147,3,4,1,0.381831,1.077073,0.409656,0.828138
148,6,17,11,0.386259,4.509532,0.120042,0.850640
149,15,22,7,0.388576,2.017159,0.222291,1.523681
150,11,21,10,0.397307,1.396935,0.339593,1.094980
151,10,21,11,0.457177,1.423576,0.349029,1.150105
152,7,20,13,0.467553,5.314584,0.111480,1.197339
153,14,22,8,0.496832,2.438281,0.346561,1.278210
154,19,23,4,0.509409,2.062462,0.288046,1.670956
155,3,6,3,0.587595,7.284867,0.150988,1.504054
156,13,22,9,0.593153,2.885186,0.375445,1.559146
157,1,7,6,0.643275,4.562518,0.350998,1.623435
158,9,21,12,0.647934,2.703660,0.468986,1.519695
159,18,23,5,0.649943,1.403343,0.547452,1.307624
160,1,6,5,0.667432,6.040662,0.276957,2.466930
161,3,8,5,0.694771,7.528744,0.321162,2.589794
162,1,8,7,0.713112,4.503100,0.673656,2.307712
163,5,17,12,0.726087,6.015863,0.163328,4.398136
164,3,7,4,0.727559,3.920931,0.346287,3.785140
165,12,22,10,0.742727,2.502844,0.523872,1.842109
166,4,13,9,0.752316,9.853525,0.133505,2.087231
167,3,10,7,0.792276,7.888257,0.293436,2.116263
168,5,19,14,0.838774,7.326642,0.207407,3.344642
169,4,16,12,0.916280,11.830825,0.252703,2.250071
170,11,22,11,0.918041,2.375566,0.681055,2.239878
171,5,16,11,0.922121,4.675236,0.337933,4.104409
172,4,17,13,0.946302,12.554719,0.328062,2.286844
173,5,20,15,0.961497,4.902041,0.579831,4.024677
174,8,21,13,0.991277,5.105881,0.669644,2.456076
175,3,14,11,0.996897,7.103799,0.267335,6.794133
176,4,18,14,1.000279,10.889953,0.371739,3.377430
177,2,3,1,1.000921,7.251767,0.408248,3.995124
178,6,20,14,1.033913,11.686392,0.263853,3.165308
179,7,21,14,1.035338,5.327239,0.676635,3.847377
180,4,19,15,1.092064,12.157173,0.371457,3.512448
181,5,13,8,1.114322,5.120024,0.496442,4.721461
182,1,11,10,1.146688,4.718757,0.835546,2.725811
183,10,22,12,1.155535,3.172791,0.723310,3.042284
184,2,11,9,1.246983,7.250865,0.645481,4.352533
185,3,9,6,1.284849,7.535723,0.723789,3.682096
186,17,23,6,1.338660,6.388631,1.216955,2.481174
187,1,5,4,1.450240,4.291509,1.382409,3.611888
188,9,22,13,1.595695,5.345114,0.871871,5.270258
189,3,15,12,1.608730,8.355890,0.794367,7.045170
190,2,5,3,1.759337,10.006002,0.949589,7.978689
191,6,21,15,1.772961,8.364614,0.970199,6.032343
192,2,12,10,1.791603,9.864869,0.997645,7.716628
193,3,13,10,1.829713,8.326740,0.964857,5.324476
194,4,20,16,1.901987,13.326965,0.776482,5.388783
195,5,21,16,1.933162,5.882097,1.388200,5.510729
196,1,3,2,1.966772,11.866207,1.033948,5.226898
197,2,7,5,1.975767,9.966351,0.902199,8.559719
198,3,18,15,2.004985,7.938094,1.048751,5.732357
199,16,23,7,2.041213,6.607710,1.513191,4.980279
200,2,10,8,2.067595,8.249220,1.232736,5.319956
201,8,22,14,2.102993,7.401216,1.249343,7.159360
202,7,22,15,2.107874,10.095164,1.147369,6.588308
203,2,14,12,2.221888,10.098300,1.247548,8.049304
204,2,6,4,2.232297,10.306878,0.880661,8.229024
205,15,23,8,2.239714,7.180290,1.891611,5.903457
206,2,9,7,2.267658,7.111883,1.406716,5.920977
207,1,12,11,2.309531,7.325078,1.526612,7.013496
208,2,8,6,2.390514,9.564866,1.324659,8.811027
209,1,9,8,2.402940,4.680748,2.353956,4.594825
210,3,16,13,2.457843,10.583315,1.411020,7.921920
211,14,23,9,2.521302,6.342690,2.271816,6.327047
212,2,15,13,2.629098,14.382238,1.447578,9.458668
213,1,14,13,2.663323,11.558202,1.786957,9.642108
214,2,17,15,2.699297,8.969516,1.634161,7.789555
215,4,21,17,2.740294,9.102572,1.666696,7.846038
216,3,17,14,2.770481,9.989040,1.571513,7.595003
217,1,10,9,2.844173,6.783266,2.691542,6.039469
218,6,22,16,2.905119,13.065052,1.757879,7.692965
219,2,13,11,2.913761,10.504327,1.487281,8.002472
220,2,16,14,3.023110,13.576678,1.649456,7.561416
221,3,19,16,3.165162,8.785193,1.957749,7.798961
222,3,20,17,3.177124,8.960620,2.122021,7.861856
223,2,18,16,3.195339,9.223980,2.038188,7.015370
224,1,17,16,3.320472,12.638996,1.800722,9.795525
225,13,23,10,3.380723,8.621503,3.088981,8.137620
226,1,13,12,3.441280,9.353736,2.854945,6.539971
227,2,19,17,3.574972,9.472354,2.750343,8.951420
228,1,15,14,3.606052,13.695067,3.014809,6.628306
229,2,20,18,3.611681,11.525824,2.363607,9.875203
230,2,22,20,3.787450,13.884390,2.118144,10.452787
231,3,23,20,3.862768,12.123220,2.801680,10.454634
232,1,18,17,3.941709,10.981778,2.834274,9.988797
233,2,23,21,3.944889,12.354103,2.909033,10.716580
234,1,23,22,3.983739,11.279899,2.629848,11.086922
235,11,23,12,4.099338,9.804120,3.427097,9.397159
236,1,20,19,4.099775,12.483584,2.447696,12.304386
237,4,22,18,4.170515,11.660385,2.801452,9.851709
238,2,21,19,4.172320,13.545962,2.582815,13.278384
239,3,22,19,4.196046,10.386554,2.708464,9.812235
240,10,23,13,4.294771,10.879921,3.839069,10.229994
241,12,23,11,4.311631,10.660940,3.959514,7.592495
242,1,19,18,4.355826,12.595390,3.046062,12.246587
243,6,23,17,4.382559,11.217233,4.007081,9.002646
244,5,22,17,4.396374,9.844735,3.538160,7.869883
245,9,23,14,4.453041,11.919116,3.432914,11.418173
246,8,23,15,4.548340,12.574728,3.865454,12.412439
247,1,22,21,4.603968,14.466553,3.129537,12.643716
248,3,21,18,4.719245,10.407418,4.132366,9.587828
249,7,23,16,4.726871,10.420487,4.423205,9.815792
250,5,23,18,4.778972,9.676987,4.394411,8.809018
251,1,16,15,4.862180,14.585465,3.897893,11.571871
252,0,22,22,4.949893,11.644386,3.981400,11.007870
253,1,21,20,5.053242,15.112026,3.666558,12.686955
254,0,23,23,5.442207,14.469078,4.001730,13.471066
255,0,4,4,5.455221,18.533084,3.067877,18.311138
256,0,15,15,5.579895,19.169158,3.808815,13.704922
257,0,14,14,5.675988,18.066865,3.994515,15.256143
258,4,23,19,5.755664,11.654847,5.704935,10.573156
259,0,20,20,5.771157,14.718923,5.000636,12.400207
260,0,21,21,5.941389,14.301155,5.309756,12.723223
261,0,1,1,5.941924,12.927239,5.325916,11.174303
262,0,5,5,6.016500,21.857339,3.741561,17.086141
263,0,12,12,6.030988,19.211807,3.636603,16.697421
264,0,2,2,6.770538,21.016072,4.687306,20.326990
265,0,7,7,6.771209,23.128666,4.064512,19.097886
266,0,6,6,6.790845,27.747665,5.432180,14.683623
267,0,17,17,7.075829,15.532029,6.855303,14.113914
268,0,10,10,7.399783,26.018575,4.894570,23.446658
269,0,19,19,7.842897,16.556473,6.421219,15.817424
270,0,16,16,7.860924,21.384633,6.547797,19.805303
271,0,13,13,8.027153,20.573581,6.564924,18.442393
272,0,11,11,8.142329,23.363402,5.992979,17.906264
273,0,8,8,8.223859,32.238841,3.740249,24.565207
274,0,9,9,8.257648,24.522464,6.246759,22.707109
275,0,3,3,8.968984,20.686859,7.464407,19.692849
276,0,18,18,9.401995,16.602141,9.117675,13.810756
